
/*!40101 SET NAMES utf8 */;

/*!40101 SET SQL_MODE=''*/;

/*!40014 SET @OLD_UNIQUE_CHECKS=@@UNIQUE_CHECKS, UNIQUE_CHECKS=0 */;
/*!40014 SET @OLD_FOREIGN_KEY_CHECKS=@@FOREIGN_KEY_CHECKS, FOREIGN_KEY_CHECKS=0 */;
/*!40101 SET @OLD_SQL_MODE=@@SQL_MODE, SQL_MODE='NO_AUTO_VALUE_ON_ZERO' */;
/*!40111 SET @OLD_SQL_NOTES=@@SQL_NOTES, SQL_NOTES=0 */;
CREATE DATABASE /*!32312 IF NOT EXISTS*/`hotel` /*!40100 DEFAULT CHARACTER SET utf8 */;


DROP TABLE IF EXISTS `admin`;

CREATE TABLE `admin` (
  `Id` INT(11) NOT NULL AUTO_INCREMENT COMMENT '主键',
  `name` VARCHAR(50) DEFAULT NULL COMMENT '姓名',
  `psw` VARCHAR(20) DEFAULT NULL COMMENT '密码',
  `position` VARCHAR(100) DEFAULT NULL COMMENT '位置',
  `userName` VARCHAR(20) DEFAULT NULL COMMENT '用户名',
  PRIMARY KEY (`Id`)
) ENGINE=INNODB DEFAULT CHARSET=utf8;

INSERT INTO admin VALUES(DEFAULT,'黎泽亮','123456','深圳','LiZeliang'),
INSERT INTO admin VALUES(DEFAULT,'严峻生','111111','深圳','YanJunsheng'),
INSERT INTO admin VALUES(DEFAULT,'杨碧涛','222222','深圳','YangBitao'),
INSERT INTO admin VALUES(DEFAULT,'张三','333333','上海','ZhangSan'),
INSERT INTO admin VALUES(DEFAULT,'李四','444444','上海','LiSi'),
INSERT INTO admin VALUES(DEFAULT,'王武','555555','北京','WangWu'),
INSERT INTO admin VALUES(DEFAULT,'王莉莉','666666','四川','WangLili'),
INSERT INTO admin VALUES(DEFAULT,'蔡章文','777777','四川','CaiZhangwen'),
INSERT INTO admin VALUES(DEFAULT,'李强','888888','湖南','LiQiang'),
INSERT INTO admin VALUES(DEFAULT,'贝塔','999999','江西','BeiTa'),
INSERT INTO admin VALUES(DEFAULT,'简单','000000','江苏','JianDan'),
INSERT INTO admin VALUES(DEFAULT,'余淮','werwe','浙江','YuHuai')

SELECT * FROM admin

DROP TABLE IF EXISTS `cost`;

CREATE TABLE `cost` (
  `id` INT(11) NOT NULL AUTO_INCREMENT COMMENT '主键',
  `roomTypeName` VARCHAR(50) NOT NULL COMMENT '房屋类型名称',
  `money` FLOAT(12,2) NOT NULL COMMENT '钱',
  `date` DATE NOT NULL COMMENT '时间',
  PRIMARY KEY (`id`)
) ENGINE=INNODB DEFAULT CHARSET=utf8;
INSERT INTO cost VALUES(DEFAULT,'标准房',120.00,NOW())
INSERT INTO cost VALUES(DEFAULT,'普通房',100.00,NOW())
INSERT INTO cost VALUES(DEFAULT,'双人套房',180.00,NOW())
INSERT INTO cost VALUES(DEFAULT,'情侣房',220.00,NOW())
INSERT INTO cost VALUES(DEFAULT,'豪华套房',260.00,NOW())
INSERT INTO cost VALUES(DEFAULT,'棋牌房',240.00,NOW())
INSERT INTO cost VALUES(DEFAULT,'豪华总统套房',400.00,NOW())

SELECT * FROM cost

DROP TABLE IF EXISTS `customer`;

CREATE TABLE `customer` (
  `idCard` VARCHAR(18) NOT NULL COMMENT '客户id，主键',
  `name` VARCHAR(20) NOT NULL COMMENT '客户用户名',
  `tel` VARCHAR(11) DEFAULT NULL COMMENT '客户电话',
  PRIMARY KEY (`idCard`)
) ENGINE=INNODB DEFAULT CHARSET=utf8;
INSERT INTO customer VALUES('441902198707180812','张三','13568172449')
INSERT INTO customer VALUES('511902199704191811','杨碧涛','13598172240')
INSERT INTO customer VALUES('513023199605198021','李强','13569172440')
INSERT INTO customer VALUES('311902198907280515','简单','17668172441')
INSERT INTO customer VALUES('341902198707180811','蔡章文','15013776630')
INSERT INTO customer VALUES('425342198707286734','王莉莉','13568172449')
INSERT INTO customer VALUES('75644519970319875','王武','13598172240')
INSERT INTO customer VALUES('523456199601192342','严峻生','13569172440')
INSERT INTO customer VALUES('254325198912281213','黎泽亮','17668172441')
INSERT INTO customer VALUES('567567198711185423','余淮','15013776630')

SELECT * FROM customer

DROP TABLE IF EXISTS `live`;

CREATE TABLE `live` (
  `id` INT(11) NOT NULL AUTO_INCREMENT COMMENT '居住id，主键',
  `roomId` INT(11) NOT NULL COMMENT '房屋id,外键',
  `customerId` VARCHAR(50) NOT NULL COMMENT '客户Id,外键',
  `name` VARCHAR(100) DEFAULT NULL COMMENT '居住名称',
  `consume` FLOAT(12,2) DEFAULT NULL COMMENT '消费多少',
  `leaveDate` DATE DEFAULT NULL COMMENT '离开日期',
  `security` FLOAT(12,2) DEFAULT NULL COMMENT '押金',
  `tel` VARCHAR(20) DEFAULT NULL COMMENT '留的电话',
  `modifyDate` DATE DEFAULT NULL COMMENT '修改日期',
  `createDate` DATE DEFAULT NULL COMMENT '创建日期',
  PRIMARY KEY (`id`)
) ENGINE=INNODB DEFAULT CHARSET=utf8;
INSERT INTO live VALUES(DEFAULT,1,'441902198707180812','两天',240.00,NOW(),100.00,'13568172449',NULL,NOW())
INSERT INTO live VALUES(DEFAULT,2,'511902199704191811','一天',100.00,NOW(),100.00,'13598172240',NULL,NOW())
INSERT INTO live VALUES(DEFAULT,3,'513023199605198021','一天',180.00,NOW(),100.00,'13569172440',NULL,NOW())
INSERT INTO live VALUES(DEFAULT,4,'311902198907280515','两天',480.00,NOW(),100.00,'17668172441',NULL,NOW())
INSERT INTO live VALUES(DEFAULT,5,'341902198707180811','一周',1820.00,NOW(),100.00,'15013776630',NULL,NOW())
INSERT INTO live VALUES(DEFAULT,6,'425342198707286734','一天',240.00,NOW(),100.00,'13568172449',NULL,NOW())
INSERT INTO live VALUES(DEFAULT,7,'75644519970319875','四天',1600.00,NOW(),100.00,'13598172240',NULL,NOW())
INSERT INTO live VALUES(DEFAULT,1,'523456199601192342','三天',360.00,NOW(),100.00,'13569172440',NULL,NOW())
INSERT INTO live VALUES(DEFAULT,2,'254325198912281213','一天',100.00,NOW(),100.00,'17668172441',NULL,NOW())
INSERT INTO live VALUES(DEFAULT,3,'567567198711185423','一天',180.00,NOW(),100.00,'15013776630',NULL,NOW())
INSERT INTO live VALUES(DEFAULT,1,'441902198707150856','两天',240.00,NOW(),100.00,'13568172447',NULL,NOW())
INSERT INTO live VALUES(DEFAULT,4,'441902198707180876','两天',480.00,NOW(),100.00,'13568172110',NULL,NOW())
INSERT INTO live VALUES(DEFAULT,2,'441902198704130878','一周',700.00,NOW(),100.00,'13568172111',NULL,NOW())

SELECT * FROM live

DROP TABLE IF EXISTS `reserve`;

CREATE TABLE `reserve` (
  `id` INT(11) NOT NULL AUTO_INCREMENT COMMENT '预约房间id,主键',
  `roomId` VARCHAR(10) NOT NULL COMMENT '房间id,外键',
  `customerId` VARCHAR(50) NOT NULL COMMENT '客户id',
  `adminId` INT(11) DEFAULT NULL COMMENT '管理员,外键',
  `tel` VARCHAR(20) DEFAULT NULL COMMENT '预约留的电话',
  `createDate` DATE DEFAULT NULL COMMENT '创建时间',
  `modifyDate` DATE DEFAULT NULL COMMENT '修改时间',
  `bookingDate` DATE DEFAULT NULL COMMENT '约计入住时间',
  `expectLeaveDate` DATE DEFAULT NULL COMMENT '约计离开时间',
  `bookingNumber` INT(20) DEFAULT NULL COMMENT '约定数量',
  PRIMARY KEY (`id`),
  KEY `reserve_admin` (`adminId`),
  KEY `reserve_room` (`roomId`),
  KEY `reserve_customer` (`customerId`),
  CONSTRAINT `reserve_admin` FOREIGN KEY (`adminId`) REFERENCES `admin` (`Id`),
  CONSTRAINT `reserve_customer` FOREIGN KEY (`customerId`) REFERENCES `customer` (`idCard`),
  CONSTRAINT `reserve_room` FOREIGN KEY (`roomId`) REFERENCES `room` (`roomNumber`)
) ENGINE=INNODB DEFAULT CHARSET=utf8;

INSERT INTO reserve VALUES(DEFAULT,1,'441902198707180812',1,'13568172111',NOW(),NULL,'2018-2-27','2018-2-29',1)
INSERT INTO reserve VALUES(DEFAULT,2,'511902199704191811',2,'13568172449',NOW(),NULL,'2018-3-1','2018-3-4',2)
INSERT INTO reserve VALUES(DEFAULT,3,'513023199605198021',3,'13598172240',NOW(),NULL,'2018-2-26','2018-2-29',2)
INSERT INTO reserve VALUES(DEFAULT,3,'311902198907280515',4,'13569172440',NOW(),NULL,'2018-2-28','2018-2-29',1)
INSERT INTO reserve VALUES(DEFAULT,4,'341902198707180811',5,'17668172441',NOW(),NULL,'2018-2-28','2018-3-1',1)
INSERT INTO reserve VALUES(DEFAULT,5,'425342198707286734',6,'15013776630',NOW(),NULL,'2018-2-27','2018-3-5',3)
INSERT INTO reserve VALUES(DEFAULT,6,'75644519970319875',7,'13568172111',NOW(),NULL,'2018-3-2','2018-3-5',1)
INSERT INTO reserve VALUES(DEFAULT,7,'523456199601192342',8,'17668172441',NOW(),NULL,'2018-2-28','2018-3-2',1)
INSERT INTO reserve VALUES(DEFAULT,1,'254325198912281213',9,'13568172111',NOW(),NULL,'2018-2-27','2018-3-3',1)
INSERT INTO reserve VALUES(DEFAULT,2,'567567198711185423',10,'13598172240',NOW(),NULL,'2018-2-27','2018-3-5',4)

DROP TABLE IF EXISTS `room`;

CREATE TABLE `room` (
  `roomNumber` VARCHAR(10) NOT NULL COMMENT '房间号码，主键',
  `roomType` INT(11) NOT NULL COMMENT '房间类型,外键',
  `floor` INT(11) DEFAULT NULL COMMENT '楼层',
  `status` VARCHAR(10) NOT NULL COMMENT '状态',
  PRIMARY KEY (`roomNumber`),
  KEY `room_roomType` (`roomType`),
  CONSTRAINT `room_roomType` FOREIGN KEY (`roomType`) REFERENCES `roomtype` (`rootTypeId`)
) ENGINE=INNODB DEFAULT CHARSET=utf8;
INSERT INTO reserve VALUES('2-0001',1,2,'已入住')
INSERT INTO reserve VALUES('2-0002',2,2,'已入住')
INSERT INTO reserve VALUES('3-0001',3,3,'已入住')
INSERT INTO reserve VALUES('3-0002',4,3,'待入住')
INSERT INTO reserve VALUES('4-0005',5,4,'已入住')
INSERT INTO reserve VALUES('2-0003',6,2,'已入住')
INSERT INTO reserve VALUES('4-0007',7,4,'已入住')
INSERT INTO reserve VALUES('2-0004',1,2,'已入住')
INSERT INTO reserve VALUES('2-0005',2,2,'待入住')
INSERT INTO reserve VALUES('2-0006',2,2,'待入住')


DROP TABLE IF EXISTS `roomprice`;

CREATE TABLE `roomprice` (
  `id` INT(11) NOT NULL AUTO_INCREMENT COMMENT '房间价格id，主键',
  `roomType` INT(11) NOT NULL COMMENT '房间类型,外键',
  `price` FLOAT(12,2) NOT NULL COMMENT '价格',
  `priceDate` DATE DEFAULT NULL COMMENT '调价审核时间',
  PRIMARY KEY (`id`),
  KEY `roomprice_roomtype` (`roomType`),
  CONSTRAINT `roomprice_roomtype` FOREIGN KEY (`roomType`) REFERENCES `roomtype` (`rootTypeId`)
) ENGINE=INNODB DEFAULT CHARSET=utf8;
INSERT INTO reserve VALUES(DEFAULT,1,120.00,NOW())
INSERT INTO reserve VALUES(DEFAULT,2,100.00,NOW())
INSERT INTO reserve VALUES(DEFAULT,3,180.00,NOW())
INSERT INTO reserve VALUES(DEFAULT,4,220.00,NOW())
INSERT INTO reserve VALUES(DEFAULT,5,260.00,NOW())
INSERT INTO reserve VALUES(DEFAULT,6,240.00,NOW())
INSERT INTO reserve VALUES(DEFAULT,7,400.00,NOW())


DROP TABLE IF EXISTS `roomtype`;

CREATE TABLE `roomtype` (
  `rootTypeId` INT(11) NOT NULL AUTO_INCREMENT COMMENT '类型id，主键',
  `name` VARCHAR(100) NOT NULL COMMENT '类型名称',
  `introduce` VARCHAR(500) DEFAULT NULL COMMENT '房间类型介绍',
  `number` INT(11) NOT NULL COMMENT '数量',
  PRIMARY KEY (`rootTypeId`)
) ENGINE=INNODB DEFAULT CHARSET=utf8;
INSERT INTO reserve VALUES(DEFAULT,'标准房','按照国际标准设定的套房',20)
INSERT INTO reserve VALUES(DEFAULT,'普通房','房间内配有最基本的设置',20)
INSERT INTO reserve VALUES(DEFAULT,'双人房','可容纳两个及两个以上的人同时居住',20)
INSERT INTO reserve VALUES(DEFAULT,'情侣房','设置了浪漫的元素,给房间增加了不一样的情调',20)
INSERT INTO reserve VALUES(DEFAULT,'豪华房','房间里按照国际套房配置了一系列豪华设施',10)
INSERT INTO reserve VALUES(DEFAULT,'棋牌房','房间内设置了供旅客娱乐的一系列设施',25)
INSERT INTO reserve VALUES(DEFAULT,'豪华总统套房','房间里按照国际总统套房配置了一系列豪华设施',5)

/*!40101 SET SQL_MODE=@OLD_SQL_MODE */;
/*!40014 SET FOREIGN_KEY_CHECKS=@OLD_FOREIGN_KEY_CHECKS */;
/*!40014 SET UNIQUE_CHECKS=@OLD_UNIQUE_CHECKS */;
/*!40111 SET SQL_NOTES=@OLD_SQL_NOTES */;
